{"graph": {"_type": "graph-file", "path": "media/graph/graph_summary_2fb29ed5e46f4feaa6d0.graph.json", "sha256": "2fb29ed5e46f4feaa6d0705a6898494edcca4fbaae6766b3cb6659a6176bffa2", "size": 915}, "epoch": 9, "loss": 0.4328935444355011, "accuracy": 0.0017857142956927419, "val_loss": 0.40577349066734314, "val_accuracy": 0.0, "_runtime": 1057, "_timestamp": 1642547982, "_step": 13, "best_val_loss": 0.40577349066734314, "best_epoch": 9, "_wandb": {"runtime": 255}}