{"graph": {"_type": "graph-file", "path": "media/graph/graph_summary_f9875ba8b535057ac750.graph.json", "sha256": "f9875ba8b535057ac75053a66f1ab446af42273556107a1563bd2a8eae0ec28f", "size": 1072}, "epoch": 39, "loss": 0.570773184299469, "mean_squared_error": 0.5707732439041138, "mean_absolute_error": 0.5681053400039673, "mean_absolute_percentage_error": 81.37498474121094, "cosine_proximity": 0.46795573830604553, "val_loss": 0.40869763493537903, "val_mean_squared_error": 0.40869763493537903, "val_mean_absolute_error": 0.5572078227996826, "val_mean_absolute_percentage_error": 79.57398986816406, "val_cosine_proximity": 0.5211874842643738, "_runtime": 6455, "_timestamp": 1645202237, "_step": 718, "best_val_loss": 0.13924814760684967, "best_epoch": 389, "_wandb": {"runtime": 799}}