{"graph": {"_type": "graph-file", "path": "media/graph/graph_summary_6661afbc48cffd5b4601.graph.json", "sha256": "6661afbc48cffd5b460157a7683556fd761b4f9f32f419decc3152fa63722461", "size": 1072}, "epoch": 399, "loss": 0.2740181088447571, "mean_squared_error": 0.2740181088447571, "mean_absolute_error": 0.35773521661758423, "mean_absolute_percentage_error": 50.111122131347656, "cosine_proximity": 0.7090404033660889, "val_loss": 0.13969960808753967, "val_mean_squared_error": 0.13969960808753967, "val_mean_absolute_error": 0.35967662930488586, "val_mean_absolute_percentage_error": 50.021549224853516, "val_cosine_proximity": 0.9997089505195618, "_runtime": 4678, "_timestamp": 1645200460, "_step": 638, "best_val_loss": 0.13924814760684967, "best_epoch": 389}