{"graph": {"_type": "graph-file", "path": "media/graph/graph_summary_e7647ead06c041e01241.graph.json", "sha256": "e7647ead06c041e012416f8f81f152ceb2d6c0f140529214ea4cf9bc2aa985c2", "size": 1068}, "epoch": 8, "loss": 1.867179274559021, "mean_squared_error": 1.867179274559021, "mean_absolute_error": 1.0957813262939453, "mean_absolute_percentage_error": 177.22618103027344, "cosine_proximity": 0.21397601068019867, "val_loss": 1.003054141998291, "val_mean_squared_error": 1.003054141998291, "val_mean_absolute_error": 0.8062865138053894, "val_mean_absolute_percentage_error": 145.47616577148438, "val_cosine_proximity": 0.2997264862060547, "_runtime": 919, "_timestamp": 1645456988, "_step": 240, "best_val_loss": 0.13835948705673218, "best_epoch": 89}