{"graph": {"_type": "graph-file", "path": "media/graph/graph_summary_e3a68ad3f85acaed79b3.graph.json", "sha256": "e3a68ad3f85acaed79b3e9339968ff370072675fe291afdf496201e358753676", "size": 930}, "epoch": 2, "loss": 0.5228739380836487, "mean_squared_error": 0.5228739380836487, "mean_absolute_error": 0.6939578652381897, "mean_absolute_percentage_error": 96.70162200927734, "cosine_proximity": 0.6794795393943787, "val_loss": 0.5125321745872498, "val_mean_squared_error": 0.5125321745872498, "val_mean_absolute_error": 0.6867929100990295, "val_mean_absolute_percentage_error": 95.90232849121094, "val_cosine_proximity": 0.9631835222244263, "_runtime": 7448, "_timestamp": 1644613161, "_step": 8, "best_val_loss": 0.4750749468803406, "best_epoch": 2, "_wandb": {"runtime": 223}}