{"graph": {"_type": "graph-file", "path": "media/graph/graph_summary_df14e017310382e576fe.graph.json", "sha256": "df14e017310382e576fe9731cad23f59b4057f3592971c6af01aefdf67467b44", "size": 939}, "epoch": 39, "loss": 1.5468369722366333, "mean_squared_error": 1.5468369722366333, "mean_absolute_error": 0.9935843348503113, "mean_absolute_percentage_error": 152.289306640625, "cosine_proximity": 0.48533570766448975, "val_loss": 0.20890474319458008, "val_mean_squared_error": 0.20890474319458008, "val_mean_absolute_error": 0.3677949011325836, "val_mean_absolute_percentage_error": 55.7856330871582, "val_cosine_proximity": 0.8216671347618103, "_runtime": 8361, "_timestamp": 1645465409, "_step": 80, "best_val_loss": 0.14772824943065643, "best_epoch": 14}