{"graph": {"_type": "graph-file", "path": "media/graph/graph_summary_aca108b379ce69cddb56.graph.json", "sha256": "aca108b379ce69cddb560b79c46b8de954a7cfa3b48c58918781a49e23db69fc", "size": 938}, "epoch": 29, "loss": 0.026901092380285263, "accuracy": 0.0053571430034935474, "val_loss": 0.024868011474609375, "val_accuracy": 0.0, "_runtime": 62676, "_timestamp": 1642671424, "_step": 41, "best_val_loss": 0.022413110360503197, "best_epoch": 5, "mean_squared_error": 0.026901092380285263, "mean_absolute_error": 0.13648007810115814, "mean_absolute_percentage_error": 21.643125534057617, "cosine_proximity": 0.9786365032196045, "val_mean_squared_error": 0.024868011474609375, "val_mean_absolute_error": 0.13083304464817047, "val_mean_absolute_percentage_error": 21.189453125, "val_cosine_proximity": 0.9797068238258362, "_wandb": {"runtime": 3092}}