{"graph": {"_type": "graph-file", "path": "media/graph/graph_summary_e61431e2a5e12e76832b.graph.json", "sha256": "e61431e2a5e12e76832b41a955852b7a0a823e85b03eeb34fe608035e309c065", "size": 938}, "epoch": 0, "loss": 0.24070210754871368, "accuracy": 0.008928571827709675, "val_loss": 0.051621198654174805, "val_accuracy": 0.0, "_runtime": 2491, "_timestamp": 1642611239, "_step": 1, "best_val_loss": 0.051621198654174805, "best_epoch": 0}