{"graph": {"_type": "graph-file", "path": "media/graph/graph_summary_6c82fc614cf51f48c234.graph.json", "sha256": "6c82fc614cf51f48c23453bf5be459df9ad6a9a53a1967fc75e10dc6ccf147f4", "size": 1076}, "epoch": 99, "loss": 0.2769968807697296, "mean_squared_error": 0.2769968807697296, "mean_absolute_error": 0.37533852458000183, "mean_absolute_percentage_error": 52.74214172363281, "cosine_proximity": 0.7061662673950195, "val_loss": 0.14245925843715668, "val_mean_squared_error": 0.14245925843715668, "val_mean_absolute_error": 0.3620116412639618, "val_mean_absolute_percentage_error": 50.99325180053711, "val_cosine_proximity": 0.9989620447158813, "_runtime": 6634, "_timestamp": 1645127718, "_step": 435, "best_val_loss": 0.13621190190315247, "best_epoch": 270, "_wandb": {"runtime": 317}}